id,niveau,theme,enonce,reponse_correcte,erreur_typique
pri-001,primaire,multiplication,"Une boîte contient 6 œufs. Combien d'œufs y a-t-il dans 4 boîtes ?","24 œufs","L'élève additionne 6+4 au lieu de multiplier"
pri-002,primaire,fractions,"Un gâteau est coupé en 8 parts égales. Léa en mange 3. Quelle fraction du gâteau reste-t-il ?","5/8","L'élève répond 3/8 : il donne la part mangée au lieu de la part restante"
pri-003,primaire,mesures_duree,"Un trajet en train dure 1h20. Le train part à 14h10. À quelle heure arrive-t-il ?","15h30","L'élève additionne les minutes sans repasser à l'heure suivante et trouve 14h130, ou oublie une partie du calcul et répond 15h20"
pri-004,primaire,soustraction,"Combien faut-il ajouter à 37 pour obtenir 100 ?","63","L'élève pose 100-37 en colonnes mais se trompe dans la retenue et trouve 73"
pri-005,primaire,perimetre,"Un jardin rectangulaire mesure 8m de long et 5m de large. Quel est son périmètre ?","26 m","L'élève calcule l'aire (8×5=40) au lieu du périmètre"
col-001,college,proportionnalite,"Pour une recette de 4 personnes il faut 250g de farine. Pour 6 personnes il faut combien de farine ?","375 g","L'élève fait une règle de trois en inversant numérateur et dénominateur, ou ajoute une quantité au hasard"
col-002,college,nombres_relatifs,"Calcule : -5 + 8 - 3","0","L'élève additionne les valeurs absolues sans tenir compte des signes et trouve 16"
col-003,college,calcul_litteral,"Développe l'expression : 3(x + 4)","3x + 12","L'élève ne distribue que sur le premier terme et écrit 3x + 4"
col-004,college,pythagore,"Un triangle rectangle a des côtés de l'angle droit mesurant 3 cm et 4 cm. Quelle est la longueur de l'hypoténuse ?","5 cm","L'élève additionne 3+4=7 au lieu d'appliquer le théorème de Pythagore"
col-005,college,puissances,"Calcule : 2³ × 2²","2⁵ = 32","L'élève multiplie les exposants entre eux au lieu de les additionner et répond 2⁶"
lyc-001,lycee,second_degre,"Résous l'équation : x² - 5x + 6 = 0","x = 2 ou x = 3","L'élève calcule correctement le discriminant mais se trompe de signe dans la formule des racines"
lyc-002,lycee,derivation,"Dérive la fonction f(x) = 3x² - 2x + 5","f'(x) = 6x - 2","L'élève dérive mal la constante (ne la fait pas disparaître) ou oublie de multiplier le coefficient par l'exposant"
lyc-003,lycee,suites,"Une suite arithmétique a pour premier terme 4 et raison 3. Quel est son 10e terme ?","31","L'élève confond suite arithmétique et suite géométrique et multiplie au lieu d'ajouter"
lyc-004,lycee,probabilites,"On tire une carte au hasard dans un jeu de 32 cartes. Quelle est la probabilité de tirer un roi ?","4/32 = 1/8","L'élève compte le nombre de cartes rouges au lieu du nombre de rois"
lyc-005,lycee,fonctions,"Soit f(x) = 2x - 1. Quelle est l'image de 3 par f ?","5","L'élève calcule l'antécédent au lieu de l'image et résout 2x-1=3"
